Position,BlockID,States,Data
"(1, 0, 0)",minecraft:ladder,"{'facing': 'north', 'waterlogged': 'false'}",
"(1, 0, 1)",minecraft:hay_block,{'axis': 'y'},
"(2, 0, 1)",minecraft:spruce_trapdoor,"{'facing': 'east', 'half': 'bottom', 'open': 'true', 'powered': 'false', 'waterlogged': 'false'}",
"(0, 0, 2)",minecraft:hay_block,{'axis': 'y'},
"(1, 0, 2)",minecraft:hay_block,{'axis': 'y'},
"(2, 0, 2)",minecraft:hay_block,{'axis': 'x'},
"(1, 0, 3)",minecraft:hay_block,{'axis': 'y'},
"(2, 0, 3)",minecraft:spruce_trapdoor,"{'facing': 'south', 'half': 'bottom', 'open': 'false', 'powered': 'false', 'waterlogged': 'false'}",
"(1, 0, 4)",minecraft:ladder,"{'facing': 'south', 'waterlogged': 'false'}",
"(1, 1, 1)",minecraft:rail,"{'shape': 'ascending_south', 'waterlogged': 'false'}",
"(1, 1, 2)",minecraft:hay_block,{'axis': 'y'},
"(1, 1, 3)",minecraft:rail,"{'shape': 'ascending_north', 'waterlogged': 'false'}",
"(1, 2, 2)",minecraft:rail,"{'shape': 'north_south', 'waterlogged': 'false'}",
